Job_Role,Skills
Data Scientist,"Python, SQL, Machine Learning, Data Analysis, Statistics"
Machine Learning Engineer,"Python, Machine Learning, TensorFlow, Scikit-learn, Deep Learning"
Data Analyst,"Python, SQL, Excel, Data Analysis, Statistics"
Backend Developer,"Python, Java, SQL, APIs, Git, Databases"
Frontend Developer,"HTML, CSS, JavaScript, React, Git"
Full Stack Developer,"HTML, CSS, JavaScript, React, Node.js, Python, SQL"
DevOps Engineer,"Linux, Docker, Kubernetes, AWS, CI/CD, Automation"
Cloud Engineer,"AWS, Azure, Cloud Computing, Linux, Networking, Docker"
Cloud Architect,"Cloud Computing, AWS, Azure, Networking, Security, Automation"
Cybersecurity Analyst,"Cybersecurity, Linux, Networking, Python, Security"
AI Engineer,"Python, Machine Learning, Deep Learning, NLP, TensorFlow"
NLP Engineer,"Python, NLP, Machine Learning, Deep Learning, Transformers"
Computer Vision Engineer,"Python, OpenCV, Computer Vision, Deep Learning, TensorFlow"
Database Administrator,"SQL, MySQL, PostgreSQL, Databases, Linux"
Software Engineer,"Python, Java, C++, Git, Data Structures, Algorithms"
Automation Engineer,"Python, Automation, Selenium, Testing, CI/CD"
QA Engineer,"Testing, Automation, Selenium, Python, Bug Tracking"
Network Engineer,"Networking, Linux, Cisco, Security, Cloud Computing"
Blockchain Developer,"Python, JavaScript, Solidity, Blockchain, Web3"
IoT Engineer,"Python, C++, IoT, Arduino, Raspberry Pi, Networking"
Mobile App Developer,"Java, Kotlin, Android, Flutter, Dart"
Game Developer,"C++, C#, Unity, Game Development, 3D"
UI/UX Designer,"UI Design, UX Design, Figma, Prototyping, User Research"
Systems Administrator,"Linux, Windows Server, Networking, Security, Automation"
Site Reliability Engineer,"Linux, Docker, Kubernetes, AWS, Monitoring, Automation"
